{"K": [0.221355109153009, 0.2213551091530091, 0.0010534588134850228], "kappa": [0.2759459322922429], "k_kinetic": [16, 0.01]}